Spaceward Ho!,1990
Fury3,1995
Marios Game Gallery,1995
MechWarrior 2: 31st Century Combat,1995
AquaNox,1996
Close Combat,1996
Deadly Tide,1996
Descent II,1996
F-22 Lightning II,1996
Flight Unlimited,1996
Furcadia,1996
Grand Prix Manager 2,1996
Hind,1996
NASCAR Racing 2,1996
Netrek,1996
SimTunes,1996
Titanic: Adventure Out of Time,1996
Top Gun: Fire At Will,1996
Carmageddon,1997
Dungeon Keeper,1997
F-22 Raptor,1997
Forbes Corporate Warrior,1997
Fragile Allegiance,1997
G-Police,1997
"I-War, Independence War",1997
International Rally Championship,1997
Interstate 76,1997
Interstate 76 Nitro Pack,1997
Lego Island,1997
Need for Speed II,1997
RayForce,1997
SODA Off-Road Racing,1997
Star Trek Generations,1997
Theme Hospital,1997
Wing Commander: Prophecy,1997
Wing Commander: Prophecy Special Edition,1997
Age of Empires: The Rise of Rome,1998
Carnivores,1998
Close Combat III: The Russian Front,1998
Colin McRae Rally,1998
CyberStrike 2,1998
Deer Hunter II: The Hunt Continues,1998
Grand Prix Legends,1998
Intellivision Lives!,1998
Knights and Merchants: The Shattered Kingdom,1998
Lula: The Sexy Empire,1998
MechCommander,1998
Monster Truck Madness 2,1998
Need for Speed III: Hot Pursuit,1998
Police Quest: SWAT 2,1998
Pro Pinball: Big Race USA,1998
Soldiers at War,1998
Thief: The Dark Project,1998
Viper Racing,1998
X-COM: Interceptor,1998
Carnivores 2,1999
Deer Hunter 3: The Legend Continues,1999
Descent 3: Mercenary,1999
Formula One 99,1999
Gearhead Garage,1999
Interstate 82,1999
Jagged Alliance 2,1999
King of Dragon Pass,1999
Lego Rock Raiders,1999
MechWarrior 3,1999
MechWarrior 3: Pirates Moon,1999
Midtown Madness,1999
Mobil 1 Rally Championship,1999
NASCAR Legends,1999
NASCAR Racing 1999 Edition,1999
Need for Speed: High Stakes,1999
Panzer Elite,1999
Redline,1999
The Settlers III: Quest of the Amazons,1999
Star Wars: X-Wing Alliance,1999
SWAT 3: Close Quarters Battle,1999
Test Drive 6,1999
Tom Clancys Rainbow Six: Rogue Spear,1999
Beach Head 2000,2000
Colin McRae Rally 2.0,2000
Dirt Track Racing,2000
Dirt Track Racing: Sprint Cars,2000
Elasto Mania,2000
Europa Universalis,2000
F1 2000,2000
F1 Manager,2000
F1 Racing Championship,2000
Homeworld: Cataclysm,2000
Majesty: The Fantasy Kingdom Sim,2000
MechWarrior 4: Vengeance,2000
Midtown Madness 2,2000
NASCAR 2000,2000
Need for Speed: Porsche Unleashed,2000
The Sims: Livin Large,2000
Submarine TITANS,2000
Tachyon: The Fringe,2000
Thief II: The Metal Age,2000
4x4 EVO 2,2001
Carnivores Ice Age,2001
Comanche 4,2001
Deer Hunter 4: World-Class Record Bucks,2001
Deer Hunter 5: Tracking Trophies,2001
Empire Earth,2001
Frank Herberts Dune,2001
Harukanaru Toki no Naka de 2,2001
Independence War 2: Edge of Chaos,2001
Intellivision Rocks,2001
Knights and Merchants: The Peasants Rebellion,2001
Lego Island 2: The Bricksters Revenge,2001
Majesty: The Northern Expansion,2001
MechCommander 2,2001
MechWarrior 4: Black Knight,2001
The Messenger,2001
Monopoly Tycoon,2001
NASCAR Racing 4,2001
Neon Genesis Evangelion: Ayanami Raising Project,2001
Operation Flashpoint: Cold War Crisis,2001
Rally Championship Xtreme,2001
Rally Trophy,2001
Robot Wars: Arenas of Destruction,2001
Scan Command: Jurassic Park,2001
Screamer 4x4,2001
The Settlers IV,2001
The Sims: Hot Date,2001
Star Trek: Deep Space Nine: Dominion Wars,2001
Star Wars: Galactic Battlegrounds,2001
Star Wars: TIE Fighter (Collectors CD-ROM),2001
Stronghold,2001
tranquility,2001
The Weakest Link,2001
Activision Anthology,2002
Battlefield 1942,2002
Chessmaster 9000,2002
Emperor: Rise of the Middle Kingdom,2002
Empire Earth: The Art of Conquest,2002
Europa 1400: The Guild,2002
MechWarrior 4: Mercenaries,2002
Medieval: Total War,2002
Michael Schumacher Racing World Kart 2002,2002
My Disney Kitchen,2002
NASCAR Racing 2002 Season,2002
NASCAR Thunder 2003,2002
Need for Speed: Hot Pursuit 2,2002
Project Nomads,2002
Rally Championship,2002
Rock Manager,2002
The Sims Online,2002
Space Rangers,2002
Speed Challenge: Jacques Villeneuves Racing Vision,2002
Star Trek: Starfleet Command III,2002
Test Drive,2002
Total Immersion Racing,2002
Warlords Battlecry II,2002
Xplosiv Top Ten,2002
AquaNox 2: Revelation,2003
Battle Engine Aquila,2003
Battlefield 1942: Secret Weapons of WWII,2003
Battlefield 1942: The Road to Rome,2003
Cabelas Dangerous Hunts,2003
Car Tycoon,2003
Colin McRae Rally 04,2003
Deer Hunter 2004,2003
Eve Online,2003
F1 Challenge 99-02,2003
Flatspace,2003
Freelancer,2003
Impossible Creatures,2003
Live for Speed,2003
NASCAR Racing 2003 Season,2003
NASCAR Thunder 2004,2003
Tom Clancys Ghost Recon: Island Thunder,2003
Tom Clancys Rainbow Six 3: Raven Shield,2003
Top Gun: Combat Zones,2003
Atari Anthology,2004
Battlefield Vietnam,2004
BreakQuest,2004
Cabelas Big Game Hunter 2005 Adventures,2004
Cabelas Deer Hunt: 2005 Season,2004
Codename: Panzers,2004
Colin McRae Rally 2005,2004
Deer Hunter 2005,2004
Full Spectrum Warrior,2004
Insaniquarium,2004
JFK: Reloaded,2004
John Deere: American Farmer,2004
Lords of the Realm III,2004
Need for Speed: Underground 2,2004
Nexus: The Jupiter Incident,2004
Perimeter,2004
Richard Burns Rally,2004
The Sims 2,2004
Space Rangers 2: Dominators,2004
Star Wars Galaxies: Jump to Lightspeed,2004
Uncharted Waters Online,2004
Xpand Rally,2004
Blitzkrieg 2,2005
Brigade E5: New Jagged Union,2005
Brothers in Arms: Road to Hill 30,2005
Cabelas Dangerous Hunts 2,2005
Cossacks II: Napoleonic Wars,2005
Cross Racing Championship 2005,2005
Eclipse,2005
Empire Earth II,2005
GT Legends,2005
GTR – FIA GT Racing Game,2005
Gun,2005
NASCAR SimRacing,2005
Need for Speed: Most Wanted,2005
The Sims 2: Nightlife,2005
The Sims 2: University,2005
SWAT 4,2005
World War II Online,2005
X3: Reunion,2005
Age of Empires III: The WarChiefs,2006
Age of Pirates: Caribbean Tales,2006
Anno 1701,2006
ARMA: Armed Assault,2006
Black & White 2: Battle of the Gods,2006
Cabelas African Safari,2006
Cabelas Alaskan Adventures,2006
Cute Knight,2006
DarkStar One,2006
Empire Earth II: The Art of Supremacy,2006
Frets on Fire,2006
Full Spectrum Warrior: Ten Hammers,2006
GTR 2 – FIA GT Racing Game,2006
Medieval II: Total War,2006
netKar Pro,2006
Prison Tycoon 2: Maximum Security,2006
Red Orchestra: Ostfront 41-45,2006
The Settlers II,2006
The Sims 2: Open for Business,2006
Star Wars: Empire at War,2006
Stronghold Legends,2006
Ultimate Duck Hunting,2006
Attack on Pearl Harbor,2007
Battlestations: Midway,2007
Bus Driver,2007
Close Combat: Cross of Iron,2007
Close Combat: Modern Tactics,2007
Colin McRae: Dirt,2007
Empire Earth III,2007
Guitar Hero III: Legends of Rock,2007
MotoGP 07,2007
Need for Speed: ProStreet,2007
Panzer Elite Action: Dunes of War,2007
The Sims 2: Bon Voyage,2007
The Sims 2: Seasons,2007
Taito Legends 2,2007
Theatre of War,2007
Thrillville: Off the Rails,2007
World in Conflict,2007
World of Padman,2007
Burnout Paradise,2008
Close Combat: Wacht am Rhein,2008
Darkest Hour: Europe 44-45,2008
Deer Hunter Tournament,2008
Europa Universalis: Rome,2008
Imperium Romanum,2008
Kings Bounty: The Legend,2008
Mare Nostrum,2008
MotoGP 08,2008
Mount & Blade,2008
Prison Tycoon 4: Supermax,2008
Race Driver: Grid,2008
The Sims 2: Apartment Life,2008
The Sims 2: FreeTime,2008
Stronghold: Crusader Extreme,2008
Tank Universal,2008
WolfQuest,2008
World of Goo,2008
X3: Terran Conflict,2008
Age of Pirates 2: City of Abandoned Ships,2009
Anno 1404,2009
ARMA 2,2009
Battlestations: Pacific,2009
Cities XL,2009
Colin McRae: Dirt 2,2009
Majesty 2: The Fantasy Kingdom Sim,2009
Men of War,2009
Need for Speed: Shift,2009
Need for Speed: World,2009
Operation Flashpoint: Dragon Rising,2009
Plants vs. Zombies,2009
The Sims 3,2009
Wheelman,2009
Mount & Blade: Warband,2010
Need for Speed: Hot Pursuit,2010
Anno 2070,2011
Need for Speed: Shift 2 Unleashed,2011
SpaceChem,2011
Terraria,2011
Pixel Piracy,2013
Gang Beasts,2014
Grid Autosport,2014
MotoGP 14,2014
MotoGP 15,2015
Need for Speed (2015),2015
Pony World 3,2015
Project Cars,2015
Aqua Moto Racing Utopia,2016
Faces of War,2016
Fallout Shelter,2016
MotoGP 17,2017
Project Cars 2,2017
Snake Pass,2017
MapleStory 2,2018
The Messenger,2018
MotoGP 18,2018
Dragon City,2019
Grid,2019
MotoGP 19,2019
MotoGP 20,2020
Project Cars 3,2020
